{
  "passed": 6,
  "total": 19,
  "accuracy": 31.57894736842105,
  "wrong": [
    "X07b"
  ],
  "missing": [
    "X01",
    "X01b",
    "X01c",
    "X02b",
    "X05",
    "X05b",
    "X07",
    "X08",
    "X09",
    "X10",
    "X11",
    "X12"
  ],
  "runtime_seconds": 542.118635
}