{
  "passed": 5,
  "total": 19,
  "accuracy": 26.31578947368421,
  "wrong": [
    "X07b"
  ],
  "missing": [
    "X01",
    "X01b",
    "X01c",
    "X02b",
    "X05",
    "X05b",
    "X05c",
    "X07",
    "X08",
    "X09",
    "X10",
    "X11",
    "X12"
  ],
  "runtime_seconds": 0.460197
}